Александр Волков, бухгалтер-стажёр, комбинированная, 14118
Александр Волков, бухгалтер-стажёр, комбинированная, 15783
Александр Волков, помощник бухгалтера, комбинированная, 29224
Александр Волков, ведущий бухгалтер, комбинированная, 36587
Александр Волков, ведущий бухгалтер, комбинированная, 59300
Александр Волков, бухгалтер-стажёр, комбинированная, 66361
Александр Волков, главный бухгалтер, комбинированная, 67249
Александр Волков, главный бухгалтер, комбинированная, 77974
Александр Волков, главный бухгалтер, комбинированная, 92205
Александр Волков, бухгалтер, комбинированная, 96932
Александр Волков, бухгалтер, комбинированная, 98094
Александр Иванов, бухгалтер, комбинированная, 32087
Александр Иванов, главный бухгалтер, комбинированная, 43682
Александр Иванов, главный бухгалтер, комбинированная, 48472
Александр Иванов, бухгалтер-стажёр, комбинированная, 52885
Александр Иванов, помощник бухгалтера, комбинированная, 71497
Александр Иванов, ведущий бухгалтер, комбинированная, 74700
Александр Иванов, бухгалтер-стажёр, комбинированная, 76103
Александр Иванов, помощник бухгалтера, комбинированная, 80073
Александр Иванов, бухгалтер-стажёр, комбинированная, 91297
Александр Кузнецов, ведущий бухгалтер, комбинированная, 13552
Александр Кузнецов, бухгалтер-стажёр, комбинированная, 25822
Александр Кузнецов, бухгалтер, комбинированная, 29795
Александр Кузнецов, помощник бухгалтера, комбинированная, 47370
Александр Кузнецов, главный бухгалтер, комбинированная, 51060
Александр Кузнецов, бухгалтер-стажёр, комбинированная, 65265
Александр Кузнецов, помощник бухгалтера, комбинированная, 75026
Александр Кузнецов, старший бухгалтер, комбинированная, 82611
Александр Кузнецов, главный бухгалтер, комбинированная, 84617
Александр Петров, главный бухгалтер, комбинированная, 10999
Александр Петров, старший бухгалтер, комбинированная, 14647
Александр Петров, помощник бухгалтера, комбинированная, 33187
Александр Петров, главный бухгалтер, комбинированная, 38153
Александр Петров, бухгалтер, комбинированная, 51001
Александр Петров, старший бухгалтер, комбинированная, 57855
Александр Петров, ведущий бухгалтер, комбинированная, 70738
Александр Петров, помощник бухгалтера, комбинированная, 97656
Александр Сидоров, ведущий бухгалтер, комбинированная, 10117
Александр Сидоров, помощник бухгалтера, комбинированная, 11743
Александр Сидоров, бухгалтер, комбинированная, 20393
Александр Сидоров, ведущий бухгалтер, комбинированная, 25169
Александр Сидоров, бухгалтер, комбинированная, 42893
Александр Сидоров, бухгалтер, комбинированная, 78455
Александр Сидоров, старший бухгалтер, комбинированная, 82724
Александр Сидоров, ведущий бухгалтер, комбинированная, 83532
Александр Сидоров, бухгалтер, комбинированная, 98439
Александр Смирнов, помощник бухгалтера, комбинированная, 13515
Александр Смирнов, главный бухгалтер, комбинированная, 17901
Александр Смирнов, ведущий бухгалтер, комбинированная, 39852
Александр Смирнов, помощник бухгалтера, комбинированная, 50569
Александр Смирнов, главный бухгалтер, комбинированная, 53676
Александр Смирнов, помощник бухгалтера, комбинированная, 62208
Александр Смирнов, бухгалтер, комбинированная, 65357
Александр Смирнов, бухгалтер-стажёр, комбинированная, 65989
Александр Смирнов, помощник бухгалтера, комбинированная, 82543
Алексей Волков, старший бухгалтер, комбинированная, 22913
Алексей Волков, ведущий бухгалтер, комбинированная, 61094
Алексей Волков, бухгалтер, комбинированная, 65039
Алексей Волков, бухгалтер, комбинированная, 71504
Алексей Волков, бухгалтер-стажёр, комбинированная, 90684
Алексей Волков, помощник бухгалтера, комбинированная, 91422
Алексей Иванов, главный бухгалтер, комбинированная, 12695
Алексей Иванов, помощник бухгалтера, комбинированная, 13156
Алексей Иванов, бухгалтер-стажёр, комбинированная, 21999
Алексей Иванов, бухгалтер-стажёр, комбинированная, 39081
Алексей Иванов, помощник бухгалтера, комбинированная, 40531
Алексей Иванов, бухгалтер-стажёр, комбинированная, 75971
Алексей Иванов, главный бухгалтер, комбинированная, 90349
Алексей Кузнецов, главный бухгалтер, комбинированная, 19417
Алексей Петров, ведущий бухгалтер, комбинированная, 20168
Алексей Петров, старший бухгалтер, комбинированная, 20225
Алексей Петров, помощник бухгалтера, комбинированная, 30102
Алексей Петров, помощник бухгалтера, комбинированная, 32833
Алексей Петров, помощник бухгалтера, комбинированная, 48139
Алексей Петров, бухгалтер-стажёр, комбинированная, 62042
Алексей Петров, ведущий бухгалтер, комбинированная, 71010
Алексей Петров, помощник бухгалтера, комбинированная, 71012
Алексей Петров, помощник бухгалтера, комбинированная, 83706
Алексей Петров, старший бухгалтер, комбинированная, 86340
Алексей Петров, бухгалтер, комбинированная, 86345
Алексей Петров, помощник бухгалтера, комбинированная, 89902
Алексей Петров, главный бухгалтер, комбинированная, 90635
Алексей Сидоров, бухгалтер-стажёр, комбинированная, 32481
Алексей Сидоров, бухгалтер-стажёр, комбинированная, 33444
Алексей Сидоров, бухгалтер-стажёр, комбинированная, 35496
Алексей Сидоров, ведущий бухгалтер, комбинированная, 42060
Алексей Сидоров, старший бухгалтер, комбинированная, 48578
Алексей Сидоров, старший бухгалтер, комбинированная, 55523
Алексей Сидоров, бухгалтер, комбинированная, 60368
Алексей Сидоров, бухгалтер, комбинированная, 67120
Алексей Сидоров, старший бухгалтер, комбинированная, 74597
Алексей Сидоров, главный бухгалтер, комбинированная, 81676
Алексей Сидоров, бухгалтер-стажёр, комбинированная, 87164
Алексей Сидоров, помощник бухгалтера, комбинированная, 94510
Алексей Смирнов, главный бухгалтер, комбинированная, 11378
Алексей Смирнов, старший бухгалтер, комбинированная, 14388
Алексей Смирнов, помощник бухгалтера, комбинированная, 14880
Алексей Смирнов, ведущий бухгалтер, комбинированная, 24727
Алексей Смирнов, ведущий бухгалтер, комбинированная, 37220
Алексей Смирнов, помощник бухгалтера, комбинированная, 42814
Алексей Смирнов, старший бухгалтер, комбинированная, 61761
Алексей Смирнов, старший бухгалтер, комбинированная, 74314
Иван Волков, главный бухгалтер, комбинированная, 28506
Иван Волков, ведущий бухгалтер, комбинированная, 32816
Иван Волков, главный бухгалтер, комбинированная, 42649
Иван Волков, главный бухгалтер, комбинированная, 43408
Иван Волков, помощник бухгалтера, комбинированная, 45020
Иван Волков, бухгалтер, комбинированная, 50412
Иван Волков, старший бухгалтер, комбинированная, 57609
Иван Волков, старший бухгалтер, комбинированная, 71387
Иван Волков, ведущий бухгалтер, комбинированная, 78780
Иван Волков, главный бухгалтер, комбинированная, 88515
Иван Волков, главный бухгалтер, комбинированная, 95503
Иван Иванов, бухгалтер, комбинированная, 35776
Иван Иванов, бухгалтер, комбинированная, 47824
Иван Иванов, ведущий бухгалтер, комбинированная, 66509
Иван Кузнецов, ведущий бухгалтер, комбинированная, 13260
Иван Кузнецов, старший бухгалтер, комбинированная, 46405
Иван Кузнецов, бухгалтер, комбинированная, 76132
Иван Кузнецов, бухгалтер-стажёр, комбинированная, 85332
Иван Кузнецов, помощник бухгалтера, комбинированная, 96735
Иван Петров, старший бухгалтер, комбинированная, 19824
Иван Петров, главный бухгалтер, комбинированная, 32824
Иван Петров, бухгалтер-стажёр, комбинированная, 33315
Иван Петров, бухгалтер-стажёр, комбинированная, 40572
Иван Петров, бухгалтер-стажёр, комбинированная, 43904
Иван Петров, помощник бухгалтера, комбинированная, 49970
Иван Петров, помощник бухгалтера, комбинированная, 70552
Иван Петров, старший бухгалтер, комбинированная, 76179
Иван Петров, ведущий бухгалтер, комбинированная, 86926
Иван Петров, бухгалтер, комбинированная, 99844
Иван Сидоров, помощник бухгалтера, комбинированная, 55113
Иван Сидоров, ведущий бухгалтер, комбинированная, 60084
Иван Сидоров, бухгалтер-стажёр, комбинированная, 70763
Иван Сидоров, ведущий бухгалтер, комбинированная, 79293
Иван Сидоров, бухгалтер-стажёр, комбинированная, 79402
Иван Сидоров, ведущий бухгалтер, комбинированная, 84258
Иван Сидоров, старший бухгалтер, комбинированная, 90779
Иван Смирнов, старший бухгалтер, комбинированная, 16964
Иван Смирнов, ведущий бухгалтер, комбинированная, 17672
Иван Смирнов, бухгалтер-стажёр, комбинированная, 51533
Михаил Волков, старший бухгалтер, комбинированная, 12057
Михаил Волков, бухгалтер-стажёр, комбинированная, 30858
Михаил Волков, бухгалтер-стажёр, комбинированная, 51795
Михаил Волков, бухгалтер, комбинированная, 95212
Михаил Иванов, помощник бухгалтера, комбинированная, 16225
Михаил Иванов, бухгалтер-стажёр, комбинированная, 27106
Михаил Иванов, бухгалтер-стажёр, комбинированная, 45381
Михаил Иванов, главный бухгалтер, комбинированная, 59128
Михаил Иванов, ведущий бухгалтер, комбинированная, 76434
Михаил Иванов, бухгалтер, комбинированная, 99979
Михаил Кузнецов, помощник бухгалтера, комбинированная, 15085
Михаил Кузнецов, бухгалтер, комбинированная, 23636
Михаил Кузнецов, старший бухгалтер, комбинированная, 28035
Михаил Кузнецов, помощник бухгалтера, комбинированная, 42293
Михаил Кузнецов, бухгалтер, комбинированная, 45938
Михаил Кузнецов, бухгалтер, комбинированная, 54920
Михаил Кузнецов, ведущий бухгалтер, комбинированная, 86868
Михаил Кузнецов, главный бухгалтер, комбинированная, 93996
Михаил Кузнецов, бухгалтер, комбинированная, 99005
Михаил Петров, главный бухгалтер, комбинированная, 27687
Михаил Петров, бухгалтер-стажёр, комбинированная, 27883
Михаил Петров, ведущий бухгалтер, комбинированная, 37695
Михаил Петров, главный бухгалтер, комбинированная, 73684
Михаил Петров, старший бухгалтер, комбинированная, 97329
Михаил Сидоров, старший бухгалтер, комбинированная, 24785
Михаил Сидоров, главный бухгалтер, комбинированная, 40211
Михаил Сидоров, ведущий бухгалтер, комбинированная, 56347
Михаил Сидоров, бухгалтер, комбинированная, 60061
Михаил Сидоров, ведущий бухгалтер, комбинированная, 73406
Михаил Сидоров, главный бухгалтер, комбинированная, 80590
Михаил Сидоров, бухгалтер-стажёр, комбинированная, 83065
Михаил Сидоров, старший бухгалтер, комбинированная, 85992
Михаил Сидоров, помощник бухгалтера, комбинированная, 90853
Михаил Сидоров, бухгалтер-стажёр, комбинированная, 98284
Михаил Смирнов, старший бухгалтер, комбинированная, 17813
Михаил Смирнов, старший бухгалтер, комбинированная, 18580
Михаил Смирнов, главный бухгалтер, комбинированная, 43175
Михаил Смирнов, бухгалтер, комбинированная, 43273
Михаил Смирнов, ведущий бухгалтер, комбинированная, 54193
Михаил Смирнов, бухгалтер, комбинированная, 56908
Михаил Смирнов, главный бухгалтер, комбинированная, 58858
Михаил Смирнов, главный бухгалтер, комбинированная, 66862
Пётр Волков, бухгалтер-стажёр, комбинированная, 17449
Пётр Волков, бухгалтер-стажёр, комбинированная, 19705
Пётр Волков, помощник бухгалтера, комбинированная, 24057
Пётр Волков, старший бухгалтер, комбинированная, 28548
Пётр Волков, бухгалтер, комбинированная, 51861
Пётр Волков, ведущий бухгалтер, комбинированная, 53951
Пётр Волков, бухгалтер, комбинированная, 57926
Пётр Волков, старший бухгалтер, комбинированная, 73470
Пётр Волков, ведущий бухгалтер, комбинированная, 88175
Пётр Волков, бухгалтер-стажёр, комбинированная, 89954
Пётр Волков, главный бухгалтер, комбинированная, 93669
Пётр Волков, старший бухгалтер, комбинированная, 95453
Пётр Волков, бухгалтер, комбинированная, 98286
Пётр Иванов, бухгалтер, комбинированная, 20526
Пётр Иванов, бухгалтер, комбинированная, 21654
Пётр Иванов, старший бухгалтер, комбинированная, 25829
Пётр Иванов, главный бухгалтер, комбинированная, 26525
Пётр Иванов, бухгалтер-стажёр, комбинированная, 28145
Пётр Иванов, старший бухгалтер, комбинированная, 34906
Пётр Иванов, бухгалтер-стажёр, комбинированная, 56534
Пётр Иванов, бухгалтер, комбинированная, 62293
Пётр Иванов, старший бухгалтер, комбинированная, 81022
Пётр Иванов, бухгалтер-стажёр, комбинированная, 84061
Пётр Иванов, старший бухгалтер, комбинированная, 84177
Пётр Кузнецов, главный бухгалтер, комбинированная, 25477
Пётр Кузнецов, старший бухгалтер, комбинированная, 44683
Пётр Кузнецов, помощник бухгалтера, комбинированная, 47098
Пётр Кузнецов, бухгалтер, комбинированная, 50365
Пётр Кузнецов, старший бухгалтер, комбинированная, 55348
Пётр Кузнецов, бухгалтер-стажёр, комбинированная, 71328
Пётр Кузнецов, старший бухгалтер, комбинированная, 80849
Пётр Кузнецов, помощник бухгалтера, комбинированная, 88572
Пётр Кузнецов, бухгалтер-стажёр, комбинированная, 90817
Пётр Кузнецов, главный бухгалтер, комбинированная, 99676
Пётр Петров, ведущий бухгалтер, комбинированная, 10286
Пётр Петров, бухгалтер, комбинированная, 38933
Пётр Петров, ведущий бухгалтер, комбинированная, 46596
Пётр Петров, главный бухгалтер, комбинированная, 48244
Пётр Петров, бухгалтер-стажёр, комбинированная, 54443
Пётр Петров, помощник бухгалтера, комбинированная, 56206
Пётр Петров, бухгалтер, комбинированная, 60666
Пётр Петров, главный бухгалтер, комбинированная, 83670
Пётр Петров, главный бухгалтер, комбинированная, 85644
Пётр Петров, старший бухгалтер, комбинированная, 91936
Пётр Петров, бухгалтер-стажёр, комбинированная, 98805
Пётр Сидоров, помощник бухгалтера, комбинированная, 12361
Пётр Сидоров, старший бухгалтер, комбинированная, 36858
Пётр Сидоров, бухгалтер, комбинированная, 41770
Пётр Сидоров, бухгалтер-стажёр, комбинированная, 54470
Пётр Сидоров, главный бухгалтер, комбинированная, 68432
Пётр Сидоров, старший бухгалтер, комбинированная, 70720
Пётр Сидоров, ведущий бухгалтер, комбинированная, 73646
Пётр Сидоров, бухгалтер-стажёр, комбинированная, 73892
Пётр Сидоров, бухгалтер-стажёр, комбинированная, 89496
Пётр Сидоров, бухгалтер-стажёр, комбинированная, 90541
Пётр Сидоров, ведущий бухгалтер, комбинированная, 91428
Пётр Сидоров, старший бухгалтер, комбинированная, 97992
Пётр Смирнов, помощник бухгалтера, комбинированная, 17072
Пётр Смирнов, бухгалтер-стажёр, комбинированная, 25293
Пётр Смирнов, бухгалтер, комбинированная, 31881
Пётр Смирнов, ведущий бухгалтер, комбинированная, 38098
Пётр Смирнов, главный бухгалтер, комбинированная, 41271
Пётр Смирнов, старший бухгалтер, комбинированная, 48987
Пётр Смирнов, главный бухгалтер, комбинированная, 49738
Пётр Смирнов, главный бухгалтер, комбинированная, 62282
Пётр Смирнов, бухгалтер-стажёр, комбинированная, 64820
Пётр Смирнов, бухгалтер, комбинированная, 79299
Пётр Смирнов, главный бухгалтер, комбинированная, 89845
Пётр Смирнов, бухгалтер-стажёр, комбинированная, 91678
Сергей Волков, старший бухгалтер, комбинированная, 16933
Сергей Волков, бухгалтер, комбинированная, 60993
Сергей Волков, главный бухгалтер, комбинированная, 61133
Сергей Волков, бухгалтер-стажёр, комбинированная, 74588
Сергей Волков, помощник бухгалтера, комбинированная, 82678
Сергей Волков, старший бухгалтер, комбинированная, 88755
Сергей Иванов, старший бухгалтер, комбинированная, 27631
Сергей Иванов, главный бухгалтер, комбинированная, 38589
Сергей Иванов, старший бухгалтер, комбинированная, 46028
Сергей Иванов, бухгалтер, комбинированная, 53713
Сергей Иванов, старший бухгалтер, комбинированная, 58229
Сергей Иванов, помощник бухгалтера, комбинированная, 68253
Сергей Иванов, главный бухгалтер, комбинированная, 68777
Сергей Иванов, старший бухгалтер, комбинированная, 83741
Сергей Иванов, ведущий бухгалтер, комбинированная, 89229
Сергей Иванов, бухгалтер, комбинированная, 89777
Сергей Иванов, помощник бухгалтера, комбинированная, 90013
Сергей Кузнецов, старший бухгалтер, комбинированная, 10134
Сергей Кузнецов, главный бухгалтер, комбинированная, 27495
Сергей Кузнецов, главный бухгалтер, комбинированная, 56609
Сергей Кузнецов, бухгалтер-стажёр, комбинированная, 67841
Сергей Кузнецов, главный бухгалтер, комбинированная, 70524
Сергей Кузнецов, главный бухгалтер, комбинированная, 77255
Сергей Кузнецов, старший бухгалтер, комбинированная, 83622
Сергей Кузнецов, бухгалтер-стажёр, комбинированная, 92495
Сергей Кузнецов, помощник бухгалтера, комбинированная, 96956
Сергей Петров, помощник бухгалтера, комбинированная, 20052
Сергей Петров, бухгалтер, комбинированная, 21823
Сергей Петров, помощник бухгалтера, комбинированная, 25527
Сергей Петров, старший бухгалтер, комбинированная, 34264
Сергей Петров, главный бухгалтер, комбинированная, 47130
Сергей Петров, старший бухгалтер, комбинированная, 61302
Сергей Петров, бухгалтер-стажёр, комбинированная, 77723
Сергей Петров, ведущий бухгалтер, комбинированная, 88936
Сергей Петров, ведущий бухгалтер, комбинированная, 92729
Сергей Сидоров, главный бухгалтер, комбинированная, 36576
Сергей Сидоров, главный бухгалтер, комбинированная, 51313
Сергей Сидоров, старший бухгалтер, комбинированная, 60335
Сергей Сидоров, старший бухгалтер, комбинированная, 76223
Сергей Сидоров, старший бухгалтер, комбинированная, 76441
Сергей Сидоров, помощник бухгалтера, комбинированная, 93154
Сергей Сидоров, бухгалтер-стажёр, комбинированная, 94987
Сергей Сидоров, бухгалтер-стажёр, комбинированная, 95989
Сергей Смирнов, помощник бухгалтера, комбинированная, 18562
Сергей Смирнов, бухгалтер, комбинированная, 43633
Сергей Смирнов, бухгалтер-стажёр, комбинированная, 44468
Сергей Смирнов, старший бухгалтер, комбинированная, 48459
Сергей Смирнов, старший бухгалтер, комбинированная, 65550
Сергей Смирнов, помощник бухгалтера, комбинированная, 68110
Сергей Смирнов, ведущий бухгалтер, комбинированная, 69627
Сергей Смирнов, бухгалтер, комбинированная, 72944
Сергей Смирнов, бухгалтер, комбинированная, 84629
Сергей Смирнов, помощник бухгалтера, комбинированная, 88269
Сергей Смирнов, бухгалтер, комбинированная, 91139
Александр Волков, бухгалтер, линейная, 25496
Александр Волков, помощник бухгалтера, линейная, 29903
Александр Волков, бухгалтер-стажёр, линейная, 30665
Александр Волков, старший бухгалтер, линейная, 36068
Александр Волков, главный бухгалтер, линейная, 37563
Александр Волков, ведущий бухгалтер, линейная, 48070
Александр Волков, старший бухгалтер, линейная, 57586
Александр Волков, старший бухгалтер, линейная, 63482
Александр Волков, помощник бухгалтера, линейная, 66764
Александр Волков, бухгалтер-стажёр, линейная, 77153
Александр Волков, помощник бухгалтера, линейная, 78008
Александр Волков, старший бухгалтер, линейная, 78432
Александр Волков, старший бухгалтер, линейная, 80002
Александр Волков, старший бухгалтер, линейная, 83720
Александр Волков, бухгалтер, линейная, 87295
Александр Волков, главный бухгалтер, линейная, 94555
Александр Волков, помощник бухгалтера, линейная, 98572
Александр Иванов, старший бухгалтер, линейная, 30975
Александр Иванов, старший бухгалтер, линейная, 33294
Александр Иванов, бухгалтер-стажёр, линейная, 35836
Александр Иванов, помощник бухгалтера, линейная, 41441
Александр Иванов, бухгалтер-стажёр, линейная, 48949
Александр Иванов, старший бухгалтер, линейная, 63714
Александр Иванов, старший бухгалтер, линейная, 77393
Александр Иванов, бухгалтер-стажёр, линейная, 80826
Александр Иванов, помощник бухгалтера, линейная, 85230
Александр Иванов, ведущий бухгалтер, линейная, 92934
Александр Кузнецов, помощник бухгалтера, линейная, 42708
Александр Кузнецов, ведущий бухгалтер, линейная, 43955
Александр Кузнецов, главный бухгалтер, линейная, 76811
Александр Кузнецов, главный бухгалтер, линейная, 78211
Александр Кузнецов, бухгалтер, линейная, 79967
Александр Кузнецов, старший бухгалтер, линейная, 80096
Александр Кузнецов, бухгалтер, линейная, 97829
Александр Петров, ведущий бухгалтер, линейная, 17581
Александр Петров, главный бухгалтер, линейная, 17696
Александр Петров, главный бухгалтер, линейная, 18101
Александр Петров, помощник бухгалтера, линейная, 32358
Александр Петров, ведущий бухгалтер, линейная, 49018
Александр Петров, бухгалтер-стажёр, линейная, 67288
Александр Петров, ведущий бухгалтер, линейная, 70079
Александр Петров, бухгалтер, линейная, 71626
Александр Петров, помощник бухгалтера, линейная, 86491
Александр Сидоров, помощник бухгалтера, линейная, 12676
Александр Сидоров, бухгалтер-стажёр, линейная, 15497
Александр Сидоров, старший бухгалтер, линейная, 46431
Александр Сидоров, главный бухгалтер, линейная, 49979
Александр Сидоров, помощник бухгалтера, линейная, 76455
Александр Сидоров, главный бухгалтер, линейная, 82762
Александр Сидоров, ведущий бухгалтер, линейная, 95404
Александр Смирнов, старший бухгалтер, линейная, 10661
Александр Смирнов, ведущий бухгалтер, линейная, 16011
Александр Смирнов, старший бухгалтер, линейная, 17887
Александр Смирнов, главный бухгалтер, линейная, 20129
Александр Смирнов, бухгалтер, линейная, 25508
Александр Смирнов, главный бухгалтер, линейная, 25608
Александр Смирнов, помощник бухгалтера, линейная, 35332
Александр Смирнов, ведущий бухгалтер, линейная, 37581
Александр Смирнов, старший бухгалтер, линейная, 51001
Александр Смирнов, главный бухгалтер, линейная, 59517
Александр Смирнов, ведущий бухгалтер, линейная, 61046
Александр Смирнов, главный бухгалтер, линейная, 72293
Алексей Волков, помощник бухгалтера, линейная, 14484
Алексей Волков, старший бухгалтер, линейная, 16926
Алексей Волков, помощник бухгалтера, линейная, 28145
Алексей Волков, помощник бухгалтера, линейная, 38299
Алексей Волков, ведущий бухгалтер, линейная, 46479
Алексей Волков, бухгалтер, линейная, 47910
Алексей Волков, бухгалтер, линейная, 49245
Алексей Волков, бухгалтер, линейная, 59683
Алексей Волков, ведущий бухгалтер, линейная, 59856
Алексей Волков, ведущий бухгалтер, линейная, 75500
Алексей Волков, бухгалтер-стажёр, линейная, 78657
Алексей Волков, бухгалтер, линейная, 80173
Алексей Волков, старший бухгалтер, линейная, 90542
Алексей Иванов, ведущий бухгалтер, линейная, 10088
Алексей Иванов, старший бухгалтер, линейная, 12517
Алексей Иванов, главный бухгалтер, линейная, 15542
Алексей Иванов, помощник бухгалтера, линейная, 18520
Алексей Иванов, главный бухгалтер, линейная, 32211
Алексей Иванов, бухгалтер-стажёр, линейная, 42363
Алексей Иванов, ведущий бухгалтер, линейная, 44869
Алексей Иванов, помощник бухгалтера, линейная, 52948
Алексей Иванов, помощник бухгалтера, линейная, 66645
Алексей Иванов, ведущий бухгалтер, линейная, 68085
Алексей Иванов, бухгалтер, линейная, 70565
Алексей Иванов, главный бухгалтер, линейная, 72154
Алексей Иванов, старший бухгалтер, линейная, 73541
Алексей Кузнецов, ведущий бухгалтер, линейная, 14668
Алексей Кузнецов, бухгалтер, линейная, 28065
Алексей Кузнецов, бухгалтер, линейная, 30834
Алексей Кузнецов, помощник бухгалтера, линейная, 32802
Алексей Кузнецов, ведущий бухгалтер, линейная, 47981
Алексей Кузнецов, бухгалтер, линейная, 55011
Алексей Кузнецов, бухгалтер-стажёр, линейная, 55854
Алексей Кузнецов, главный бухгалтер, линейная, 81398
Алексей Кузнецов, бухгалтер-стажёр, линейная, 81632
Алексей Кузнецов, ведущий бухгалтер, линейная, 82451
Алексей Кузнецов, бухгалтер-стажёр, линейная, 86277
Алексей Петров, ведущий бухгалтер, линейная, 20025
Алексей Петров, старший бухгалтер, линейная, 26240
Алексей Петров, бухгалтер, линейная, 35703
Алексей Петров, старший бухгалтер, линейная, 38774
Алексей Петров, помощник бухгалтера, линейная, 70298
Алексей Петров, старший бухгалтер, линейная, 71268
Алексей Петров, бухгалтер, линейная, 88831
Алексей Петров, бухгалтер, линейная, 97503
Алексей Сидоров, старший бухгалтер, линейная, 51353
Алексей Сидоров, старший бухгалтер, линейная, 53961
Алексей Сидоров, главный бухгалтер, линейная, 62269
Алексей Сидоров, старший бухгалтер, линейная, 83121
Алексей Сидоров, помощник бухгалтера, линейная, 88717
Алексей Сидоров, ведущий бухгалтер, линейная, 89492
Алексей Сидоров, бухгалтер, линейная, 97265
Алексей Смирнов, ведущий бухгалтер, линейная, 30351
Алексей Смирнов, главный бухгалтер, линейная, 46191
Алексей Смирнов, бухгалтер-стажёр, линейная, 49174
Алексей Смирнов, бухгалтер-стажёр, линейная, 51926
Алексей Смирнов, бухгалтер-стажёр, линейная, 58164
Алексей Смирнов, ведущий бухгалтер, линейная, 58349
Алексей Смирнов, помощник бухгалтера, линейная, 61471
Алексей Смирнов, бухгалтер-стажёр, линейная, 64737
Алексей Смирнов, старший бухгалтер, линейная, 73440
Алексей Смирнов, помощник бухгалтера, линейная, 84303
Алексей Смирнов, бухгалтер-стажёр, линейная, 91855
Иван Волков, ведущий бухгалтер, линейная, 12699
Иван Волков, старший бухгалтер, линейная, 13840
Иван Волков, бухгалтер, линейная, 27604
Иван Волков, помощник бухгалтера, линейная, 33435
Иван Волков, главный бухгалтер, линейная, 34059
Иван Волков, главный бухгалтер, линейная, 41103
Иван Волков, ведущий бухгалтер, линейная, 41611
Иван Волков, бухгалтер-стажёр, линейная, 47933
Иван Волков, старший бухгалтер, линейная, 51016
Иван Волков, ведущий бухгалтер, линейная, 53554
Иван Волков, бухгалтер-стажёр, линейная, 57918
Иван Волков, ведущий бухгалтер, линейная, 63131
Иван Волков, помощник бухгалтера, линейная, 73591
Иван Волков, бухгалтер, линейная, 89515
Иван Иванов, бухгалтер-стажёр, линейная, 12671
Иван Иванов, ведущий бухгалтер, линейная, 28486
Иван Иванов, главный бухгалтер, линейная, 30293
Иван Иванов, бухгалтер, линейная, 63538
Иван Иванов, бухгалтер-стажёр, линейная, 73095
Иван Иванов, бухгалтер-стажёр, линейная, 75121
Иван Иванов, главный бухгалтер, линейная, 78451
Иван Иванов, бухгалтер, линейная, 84623
Иван Кузнецов, помощник бухгалтера, линейная, 11132
Иван Кузнецов, главный бухгалтер, линейная, 13645
Иван Кузнецов, главный бухгалтер, линейная, 15214
Иван Кузнецов, бухгалтер, линейная, 16050
Иван Кузнецов, бухгалтер-стажёр, линейная, 33395
Иван Кузнецов, бухгалтер, линейная, 39599
Иван Кузнецов, главный бухгалтер, линейная, 50271
Иван Кузнецов, бухгалтер-стажёр, линейная, 67042
Иван Кузнецов, главный бухгалтер, линейная, 68186
Иван Кузнецов, помощник бухгалтера, линейная, 78197
Иван Кузнецов, бухгалтер-стажёр, линейная, 97549
Иван Петров, помощник бухгалтера, линейная, 10450
Иван Петров, старший бухгалтер, линейная, 51882
Иван Петров, помощник бухгалтера, линейная, 55536
Иван Петров, старший бухгалтер, линейная, 58815
Иван Петров, бухгалтер, линейная, 79539
Иван Сидоров, помощник бухгалтера, линейная, 12183
Иван Сидоров, ведущий бухгалтер, линейная, 28853
Иван Сидоров, старший бухгалтер, линейная, 38010
Иван Сидоров, бухгалтер, линейная, 38300
Иван Сидоров, бухгалтер-стажёр, линейная, 41835
Иван Сидоров, старший бухгалтер, линейная, 44612
Иван Сидоров, помощник бухгалтера, линейная, 71071
Иван Сидоров, помощник бухгалтера, линейная, 88361
Иван Сидоров, ведущий бухгалтер, линейная, 94033
Иван Смирнов, ведущий бухгалтер, линейная, 22126
Иван Смирнов, бухгалтер-стажёр, линейная, 29780
Иван Смирнов, главный бухгалтер, линейная, 33076
Иван Смирнов, бухгалтер-стажёр, линейная, 64498
Иван Смирнов, ведущий бухгалтер, линейная, 84392
Иван Смирнов, ведущий бухгалтер, линейная, 94132
Михаил Волков, старший бухгалтер, линейная, 27874
Михаил Волков, бухгалтер-стажёр, линейная, 30638
Михаил Волков, ведущий бухгалтер, линейная, 52393
Михаил Волков, ведущий бухгалтер, линейная, 54937
Михаил Волков, старший бухгалтер, линейная, 62633
Михаил Волков, ведущий бухгалтер, линейная, 70246
Михаил Волков, помощник бухгалтера, линейная, 77343
Михаил Волков, старший бухгалтер, линейная, 82759
Михаил Иванов, старший бухгалтер, линейная, 12951
Михаил Иванов, бухгалтер, линейная, 18374
Михаил Иванов, бухгалтер-стажёр, линейная, 28202
Михаил Иванов, старший бухгалтер, линейная, 43086
Михаил Иванов, ведущий бухгалтер, линейная, 48825
Михаил Иванов, бухгалтер-стажёр, линейная, 52298
Михаил Иванов, бухгалтер-стажёр, линейная, 56933
Михаил Иванов, бухгалтер, линейная, 60269
Михаил Иванов, старший бухгалтер, линейная, 81844
Михаил Иванов, помощник бухгалтера, линейная, 96648
Михаил Иванов, ведущий бухгалтер, линейная, 97575
Михаил Кузнецов, помощник бухгалтера, линейная, 10955
Михаил Кузнецов, ведущий бухгалтер, линейная, 30777
Михаил Кузнецов, бухгалтер-стажёр, линейная, 32161
Михаил Кузнецов, старший бухгалтер, линейная, 32990
Михаил Кузнецов, ведущий бухгалтер, линейная, 34064
Михаил Кузнецов, помощник бухгалтера, линейная, 36671
Михаил Кузнецов, главный бухгалтер, линейная, 59261
Михаил Кузнецов, бухгалтер, линейная, 67181
Михаил Кузнецов, старший бухгалтер, линейная, 96003
Михаил Петров, старший бухгалтер, линейная, 15792
Михаил Петров, бухгалтер, линейная, 20434
Михаил Петров, бухгалтер, линейная, 22913
Михаил Петров, ведущий бухгалтер, линейная, 24744
Михаил Петров, старший бухгалтер, линейная, 34707
Михаил Петров, бухгалтер, линейная, 35678
Михаил Петров, бухгалтер-стажёр, линейная, 42902
Михаил Петров, главный бухгалтер, линейная, 47411
Михаил Петров, бухгалтер-стажёр, линейная, 51123
Михаил Петров, помощник бухгалтера, линейная, 56794
Михаил Петров, помощник бухгалтера, линейная, 63006
Михаил Петров, ведущий бухгалтер, линейная, 73021
Михаил Петров, бухгалтер-стажёр, линейная, 81465
Михаил Петров, старший бухгалтер, линейная, 83745
Михаил Петров, ведущий бухгалтер, линейная, 94925
Михаил Петров, бухгалтер-стажёр, линейная, 96990
Михаил Петров, бухгалтер-стажёр, линейная, 97638
Михаил Сидоров, помощник бухгалтера, линейная, 11348
Михаил Сидоров, помощник бухгалтера, линейная, 20781
Михаил Сидоров, помощник бухгалтера, линейная, 28624
Михаил Сидоров, бухгалтер-стажёр, линейная, 56157
Михаил Сидоров, помощник бухгалтера, линейная, 60303
Михаил Сидоров, бухгалтер-стажёр, линейная, 71622
Михаил Сидоров, старший бухгалтер, линейная, 75347
Михаил Смирнов, бухгалтер, линейная, 33789
Михаил Смирнов, старший бухгалтер, линейная, 38985
Михаил Смирнов, старший бухгалтер, линейная, 39806
Михаил Смирнов, бухгалтер-стажёр, линейная, 54774
Михаил Смирнов, помощник бухгалтера, линейная, 64707
Михаил Смирнов, старший бухгалтер, линейная, 74975
Михаил Смирнов, старший бухгалтер, линейная, 78733
Михаил Смирнов, бухгалтер-стажёр, линейная, 79039
Михаил Смирнов, помощник бухгалтера, линейная, 93474
Пётр Волков, бухгалтер, линейная, 17886
Пётр Волков, главный бухгалтер, линейная, 18589
Пётр Волков, старший бухгалтер, линейная, 36260
Пётр Волков, бухгалтер, линейная, 57431
Пётр Волков, старший бухгалтер, линейная, 66643
Пётр Волков, ведущий бухгалтер, линейная, 66880
Пётр Волков, главный бухгалтер, линейная, 78688
Пётр Волков, главный бухгалтер, линейная, 90270
Пётр Иванов, главный бухгалтер, линейная, 19459
Пётр Иванов, старший бухгалтер, линейная, 20165
Пётр Иванов, бухгалтер, линейная, 22597
Пётр Иванов, ведущий бухгалтер, линейная, 35414
Пётр Иванов, ведущий бухгалтер, линейная, 36228
Пётр Иванов, помощник бухгалтера, линейная, 47601
Пётр Иванов, ведущий бухгалтер, линейная, 59420
Пётр Иванов, бухгалтер-стажёр, линейная, 75064
Пётр Иванов, старший бухгалтер, линейная, 80715
Пётр Кузнецов, бухгалтер-стажёр, линейная, 14346
Пётр Кузнецов, бухгалтер-стажёр, линейная, 15469
Пётр Кузнецов, бухгалтер, линейная, 21404
Пётр Кузнецов, главный бухгалтер, линейная, 26354
Пётр Кузнецов, старший бухгалтер, линейная, 36361
Пётр Кузнецов, бухгалтер-стажёр, линейная, 36516
Пётр Кузнецов, главный бухгалтер, линейная, 37427
Пётр Кузнецов, старший бухгалтер, линейная, 45580
Пётр Кузнецов, старший бухгалтер, линейная, 46422
Пётр Кузнецов, помощник бухгалтера, линейная, 53096
Пётр Кузнецов, помощник бухгалтера, линейная, 61568
Пётр Кузнецов, бухгалтер, линейная, 64408
Пётр Кузнецов, старший бухгалтер, линейная, 72767
Пётр Кузнецов, ведущий бухгалтер, линейная, 74137
Пётр Кузнецов, бухгалтер, линейная, 74514
Пётр Кузнецов, бухгалтер, линейная, 83008
Пётр Кузнецов, бухгалтер-стажёр, линейная, 91126
Пётр Кузнецов, ведущий бухгалтер, линейная, 92645
Пётр Кузнецов, бухгалтер-стажёр, линейная, 98547
Пётр Петров, старший бухгалтер, линейная, 13516
Пётр Петров, старший бухгалтер, линейная, 19960
Пётр Петров, бухгалтер-стажёр, линейная, 30817
Пётр Петров, бухгалтер-стажёр, линейная, 38853
Пётр Петров, помощник бухгалтера, линейная, 48198
Пётр Петров, старший бухгалтер, линейная, 54937
Пётр Петров, бухгалтер, линейная, 59405
Пётр Петров, помощник бухгалтера, линейная, 61222
Пётр Петров, бухгалтер-стажёр, линейная, 65773
Пётр Петров, бухгалтер-стажёр, линейная, 77548
Пётр Петров, бухгалтер, линейная, 77646
Пётр Петров, бухгалтер, линейная, 86015
Пётр Петров, бухгалтер, линейная, 97108
Пётр Сидоров, бухгалтер-стажёр, линейная, 16739
Пётр Сидоров, ведущий бухгалтер, линейная, 30295
Пётр Сидоров, ведущий бухгалтер, линейная, 58234
Пётр Сидоров, помощник бухгалтера, линейная, 58796
Пётр Сидоров, главный бухгалтер, линейная, 59494
Пётр Сидоров, бухгалтер-стажёр, линейная, 68370
Пётр Сидоров, старший бухгалтер, линейная, 68712
Пётр Сидоров, ведущий бухгалтер, линейная, 97733
Пётр Смирнов, ведущий бухгалтер, линейная, 33764
Пётр Смирнов, бухгалтер-стажёр, линейная, 35827
Пётр Смирнов, старший бухгалтер, линейная, 63039
Пётр Смирнов, главный бухгалтер, линейная, 64962
Пётр Смирнов, бухгалтер, линейная, 65047
Пётр Смирнов, старший бухгалтер, линейная, 70571
Пётр Смирнов, старший бухгалтер, линейная, 76905
Пётр Смирнов, ведущий бухгалтер, линейная, 77594
Пётр Смирнов, старший бухгалтер, линейная, 96186
Пётр Смирнов, ведущий бухгалтер, линейная, 96350
Сергей Волков, главный бухгалтер, линейная, 12928
Сергей Волков, помощник бухгалтера, линейная, 37900
Сергей Волков, главный бухгалтер, линейная, 45194
Сергей Волков, помощник бухгалтера, линейная, 65038
Сергей Волков, бухгалтер, линейная, 69398
Сергей Волков, бухгалтер-стажёр, линейная, 69864
Сергей Волков, бухгалтер, линейная, 77167
Сергей Волков, помощник бухгалтера, линейная, 79349
Сергей Волков, бухгалтер, линейная, 79938
Сергей Волков, помощник бухгалтера, линейная, 84876
Сергей Волков, помощник бухгалтера, линейная, 87043
Сергей Волков, бухгалтер, линейная, 96319
Сергей Волков, главный бухгалтер, линейная, 98064
Сергей Иванов, главный бухгалтер, линейная, 16956
Сергей Иванов, бухгалтер, линейная, 25763
Сергей Иванов, помощник бухгалтера, линейная, 30980
Сергей Иванов, главный бухгалтер, линейная, 40269
Сергей Иванов, бухгалтер, линейная, 46247
Сергей Иванов, главный бухгалтер, линейная, 50285
Сергей Иванов, ведущий бухгалтер, линейная, 57898
Сергей Иванов, бухгалтер, линейная, 60114
Сергей Иванов, старший бухгалтер, линейная, 64204
Сергей Кузнецов, ведущий бухгалтер, линейная, 10432
Сергей Кузнецов, ведущий бухгалтер, линейная, 12567
Сергей Кузнецов, главный бухгалтер, линейная, 17940
Сергей Кузнецов, помощник бухгалтера, линейная, 40655
Сергей Кузнецов, старший бухгалтер, линейная, 42011
Сергей Кузнецов, помощник бухгалтера, линейная, 69940
Сергей Кузнецов, бухгалтер-стажёр, линейная, 71620
Сергей Кузнецов, старший бухгалтер, линейная, 85054
Сергей Кузнецов, старший бухгалтер, линейная, 93068
Сергей Кузнецов, ведущий бухгалтер, линейная, 93183
Сергей Петров, помощник бухгалтера, линейная, 18045
Сергей Петров, главный бухгалтер, линейная, 31825
Сергей Петров, помощник бухгалтера, линейная, 35423
Сергей Петров, помощник бухгалтера, линейная, 36846
Сергей Петров, старший бухгалтер, линейная, 38244
Сергей Петров, ведущий бухгалтер, линейная, 52326
Сергей Петров, ведущий бухгалтер, линейная, 54841
Сергей Петров, главный бухгалтер, линейная, 55020
Сергей Петров, бухгалтер, линейная, 56308
Сергей Петров, главный бухгалтер, линейная, 65912
Сергей Петров, помощник бухгалтера, линейная, 86606
Сергей Сидоров, помощник бухгалтера, линейная, 17841
Сергей Сидоров, главный бухгалтер, линейная, 19171
Сергей Сидоров, главный бухгалтер, линейная, 21042
Сергей Сидоров, помощник бухгалтера, линейная, 29119
Сергей Сидоров, бухгалтер-стажёр, линейная, 50310
Сергей Сидоров, помощник бухгалтера, линейная, 54465
Сергей Сидоров, помощник бухгалтера, линейная, 82019
Сергей Сидоров, бухгалтер-стажёр, линейная, 82513
Сергей Сидоров, главный бухгалтер, линейная, 89215
Сергей Смирнов, бухгалтер-стажёр, линейная, 33887
Сергей Смирнов, помощник бухгалтера, линейная, 51401
Сергей Смирнов, старший бухгалтер, линейная, 57271
Сергей Смирнов, помощник бухгалтера, линейная, 61440
Сергей Смирнов, старший бухгалтер, линейная, 69194
Сергей Смирнов, старший бухгалтер, линейная, 75344
Сергей Смирнов, бухгалтер-стажёр, линейная, 93178
Александр Волков, бухгалтер, по вертикали, 11246
Александр Волков, ведущий бухгалтер, по вертикали, 12373
Александр Волков, бухгалтер-стажёр, по вертикали, 23093
Александр Волков, бухгалтер, по вертикали, 46493
Александр Волков, главный бухгалтер, по вертикали, 52096
Александр Волков, главный бухгалтер, по вертикали, 52237
Александр Волков, помощник бухгалтера, по вертикали, 94411
Александр Иванов, бухгалтер, по вертикали, 18115
Александр Иванов, бухгалтер-стажёр, по вертикали, 21819
Александр Иванов, старший бухгалтер, по вертикали, 33078
Александр Иванов, главный бухгалтер, по вертикали, 47997
Александр Иванов, главный бухгалтер, по вертикали, 57109
Александр Иванов, бухгалтер, по вертикали, 66470
Александр Иванов, бухгалтер-стажёр, по вертикали, 81185
Александр Иванов, бухгалтер-стажёр, по вертикали, 82449
Александр Иванов, ведущий бухгалтер, по вертикали, 90378
Александр Кузнецов, бухгалтер-стажёр, по вертикали, 33636
Александр Кузнецов, ведущий бухгалтер, по вертикали, 33730
Александр Кузнецов, ведущий бухгалтер, по вертикали, 56443
Александр Кузнецов, бухгалтер, по вертикали, 67159
Александр Кузнецов, бухгалтер-стажёр, по вертикали, 67614
Александр Кузнецов, старший бухгалтер, по вертикали, 95818
Александр Кузнецов, главный бухгалтер, по вертикали, 99944
Александр Петров, главный бухгалтер, по вертикали, 26247
Александр Петров, ведущий бухгалтер, по вертикали, 27413
Александр Петров, ведущий бухгалтер, по вертикали, 33838
Александр Петров, ведущий бухгалтер, по вертикали, 36066
Александр Петров, ведущий бухгалтер, по вертикали, 37401
Александр Петров, помощник бухгалтера, по вертикали, 42927
Александр Петров, ведущий бухгалтер, по вертикали, 44006
Александр Петров, помощник бухгалтера, по вертикали, 44082
Александр Петров, бухгалтер-стажёр, по вертикали, 64442
Александр Петров, старший бухгалтер, по вертикали, 76323
Александр Петров, бухгалтер-стажёр, по вертикали, 86582
Александр Петров, ведущий бухгалтер, по вертикали, 87871
Александр Петров, бухгалтер-стажёр, по вертикали, 91526
Александр Петров, старший бухгалтер, по вертикали, 93587
Александр Сидоров, ведущий бухгалтер, по вертикали, 39102
Александр Сидоров, главный бухгалтер, по вертикали, 39134
Александр Сидоров, бухгалтер, по вертикали, 45001
Александр Сидоров, помощник бухгалтера, по вертикали, 45130
Александр Сидоров, бухгалтер-стажёр, по вертикали, 60278
Александр Сидоров, бухгалтер, по вертикали, 61077
Александр Сидоров, бухгалтер-стажёр, по вертикали, 66831
Александр Сидоров, старший бухгалтер, по вертикали, 73866
Александр Сидоров, бухгалтер-стажёр, по вертикали, 74871
Александр Сидоров, главный бухгалтер, по вертикали, 81768
Александр Сидоров, бухгалтер, по вертикали, 86085
Александр Смирнов, ведущий бухгалтер, по вертикали, 26843
Александр Смирнов, главный бухгалтер, по вертикали, 27454
Александр Смирнов, бухгалтер, по вертикали, 33852
Александр Смирнов, бухгалтер, по вертикали, 41933
Александр Смирнов, ведущий бухгалтер, по вертикали, 53585
Александр Смирнов, бухгалтер, по вертикали, 59190
Александр Смирнов, старший бухгалтер, по вертикали, 75701
Александр Смирнов, бухгалтер, по вертикали, 78337
Александр Смирнов, ведущий бухгалтер, по вертикали, 87115
Александр Смирнов, помощник бухгалтера, по вертикали, 88947
Александр Смирнов, бухгалтер-стажёр, по вертикали, 94973
Александр Смирнов, ведущий бухгалтер, по вертикали, 95130
Алексей Волков, ведущий бухгалтер, по вертикали, 18611
Алексей Волков, ведущий бухгалтер, по вертикали, 20470
Алексей Волков, бухгалтер, по вертикали, 23302
Алексей Волков, бухгалтер-стажёр, по вертикали, 25895
Алексей Волков, старший бухгалтер, по вертикали, 36210
Алексей Волков, бухгалтер-стажёр, по вертикали, 36820
Алексей Волков, старший бухгалтер, по вертикали, 51801
Алексей Волков, помощник бухгалтера, по вертикали, 56364
Алексей Волков, главный бухгалтер, по вертикали, 71924
Алексей Волков, старший бухгалтер, по вертикали, 77572
Алексей Волков, ведущий бухгалтер, по вертикали, 91677
Алексей Иванов, старший бухгалтер, по вертикали, 13112
Алексей Иванов, главный бухгалтер, по вертикали, 27104
Алексей Иванов, бухгалтер-стажёр, по вертикали, 40793
Алексей Иванов, ведущий бухгалтер, по вертикали, 48380
Алексей Иванов, старший бухгалтер, по вертикали, 48675
Алексей Иванов, ведущий бухгалтер, по вертикали, 49770
Алексей Иванов, бухгалтер, по вертикали, 65386
Алексей Иванов, старший бухгалтер, по вертикали, 77821
Алексей Иванов, главный бухгалтер, по вертикали, 83691
Алексей Иванов, бухгалтер-стажёр, по вертикали, 87003
Алексей Кузнецов, ведущий бухгалтер, по вертикали, 35979
Алексей Кузнецов, главный бухгалтер, по вертикали, 45981
Алексей Кузнецов, помощник бухгалтера, по вертикали, 56587
Алексей Петров, старший бухгалтер, по вертикали, 16725
Алексей Петров, старший бухгалтер, по вертикали, 19007
Алексей Петров, главный бухгалтер, по вертикали, 33280
Алексей Петров, главный бухгалтер, по вертикали, 78796
Алексей Сидоров, бухгалтер, по вертикали, 10766
Алексей Сидоров, бухгалтер-стажёр, по вертикали, 13587
Алексей Сидоров, бухгалтер-стажёр, по вертикали, 13701
Алексей Сидоров, старший бухгалтер, по вертикали, 44308
Алексей Сидоров, помощник бухгалтера, по вертикали, 64271
Алексей Сидоров, помощник бухгалтера, по вертикали, 65531
Алексей Сидоров, помощник бухгалтера, по вертикали, 74268
Алексей Сидоров, помощник бухгалтера, по вертикали, 87315
Алексей Сидоров, старший бухгалтер, по вертикали, 91883
Алексей Сидоров, бухгалтер-стажёр, по вертикали, 97337
Алексей Смирнов, бухгалтер, по вертикали, 13423
Алексей Смирнов, бухгалтер, по вертикали, 22247
Алексей Смирнов, бухгалтер-стажёр, по вертикали, 31755
Алексей Смирнов, ведущий бухгалтер, по вертикали, 41042
Алексей Смирнов, помощник бухгалтера, по вертикали, 55860
Алексей Смирнов, ведущий бухгалтер, по вертикали, 56357
Алексей Смирнов, бухгалтер-стажёр, по вертикали, 60880
Алексей Смирнов, бухгалтер, по вертикали, 72053
Алексей Смирнов, бухгалтер-стажёр, по вертикали, 77533
Алексей Смирнов, старший бухгалтер, по вертикали, 79143
Алексей Смирнов, помощник бухгалтера, по вертикали, 80838
Алексей Смирнов, ведущий бухгалтер, по вертикали, 86005
Алексей Смирнов, главный бухгалтер, по вертикали, 89293
Алексей Смирнов, бухгалтер, по вертикали, 91333
Алексей Смирнов, помощник бухгалтера, по вертикали, 96386
Иван Волков, ведущий бухгалтер, по вертикали, 29749
Иван Волков, бухгалтер-стажёр, по вертикали, 31677
Иван Волков, главный бухгалтер, по вертикали, 35599
Иван Волков, помощник бухгалтера, по вертикали, 39918
Иван Волков, бухгалтер, по вертикали, 43028
Иван Волков, помощник бухгалтера, по вертикали, 61143
Иван Волков, бухгалтер-стажёр, по вертикали, 74898
Иван Волков, ведущий бухгалтер, по вертикали, 80573
Иван Волков, ведущий бухгалтер, по вертикали, 95547
Иван Иванов, ведущий бухгалтер, по вертикали, 10940
Иван Иванов, бухгалтер-стажёр, по вертикали, 52627
Иван Иванов, бухгалтер, по вертикали, 95336
Иван Кузнецов, помощник бухгалтера, по вертикали, 12570
Иван Кузнецов, помощник бухгалтера, по вертикали, 12964
Иван Кузнецов, старший бухгалтер, по вертикали, 15561
Иван Кузнецов, бухгалтер-стажёр, по вертикали, 33416
Иван Кузнецов, старший бухгалтер, по вертикали, 48063
Иван Кузнецов, помощник бухгалтера, по вертикали, 52362
Иван Кузнецов, бухгалтер, по вертикали, 61403
Иван Кузнецов, главный бухгалтер, по вертикали, 62444
Иван Кузнецов, ведущий бухгалтер, по вертикали, 99850
Иван Петров, бухгалтер-стажёр, по вертикали, 20299
Иван Петров, старший бухгалтер, по вертикали, 21199
Иван Петров, помощник бухгалтера, по вертикали, 59121
Иван Петров, помощник бухгалтера, по вертикали, 60300
Иван Петров, помощник бухгалтера, по вертикали, 93795
Иван Сидоров, бухгалтер, по вертикали, 25528
Иван Сидоров, старший бухгалтер, по вертикали, 27110
Иван Сидоров, старший бухгалтер, по вертикали, 41891
Иван Сидоров, главный бухгалтер, по вертикали, 42340
Иван Сидоров, ведущий бухгалтер, по вертикали, 47698
Иван Сидоров, ведущий бухгалтер, по вертикали, 53330
Иван Сидоров, ведущий бухгалтер, по вертикали, 71275
Иван Сидоров, бухгалтер, по вертикали, 76370
Иван Сидоров, главный бухгалтер, по вертикали, 78095
Иван Смирнов, помощник бухгалтера, по вертикали, 13873
Иван Смирнов, ведущий бухгалтер, по вертикали, 26620
Иван Смирнов, главный бухгалтер, по вертикали, 27051
Иван Смирнов, старший бухгалтер, по вертикали, 27939
Иван Смирнов, главный бухгалтер, по вертикали, 32701
Иван Смирнов, ведущий бухгалтер, по вертикали, 41022
Иван Смирнов, помощник бухгалтера, по вертикали, 43521
Иван Смирнов, помощник бухгалтера, по вертикали, 52945
Иван Смирнов, старший бухгалтер, по вертикали, 55648
Иван Смирнов, старший бухгалтер, по вертикали, 57385
Иван Смирнов, главный бухгалтер, по вертикали, 62588
Иван Смирнов, главный бухгалтер, по вертикали, 64859
Иван Смирнов, главный бухгалтер, по вертикали, 78519
Михаил Волков, бухгалтер, по вертикали, 18793
Михаил Волков, бухгалтер, по вертикали, 19867
Михаил Волков, бухгалтер, по вертикали, 24514
Михаил Волков, ведущий бухгалтер, по вертикали, 62011
Михаил Волков, бухгалтер, по вертикали, 69103
Михаил Волков, бухгалтер, по вертикали, 86378
Михаил Волков, главный бухгалтер, по вертикали, 88324
Михаил Иванов, помощник бухгалтера, по вертикали, 20912
Михаил Иванов, ведущий бухгалтер, по вертикали, 33488
Михаил Иванов, помощник бухгалтера, по вертикали, 43065
Михаил Иванов, главный бухгалтер, по вертикали, 45287
Михаил Иванов, старший бухгалтер, по вертикали, 72643
Михаил Иванов, бухгалтер-стажёр, по вертикали, 75481
Михаил Иванов, бухгалтер, по вертикали, 75729
Михаил Иванов, бухгалтер, по вертикали, 78377
Михаил Иванов, бухгалтер, по вертикали, 85112
Михаил Кузнецов, бухгалтер-стажёр, по вертикали, 12369
Михаил Кузнецов, ведущий бухгалтер, по вертикали, 15589
Михаил Кузнецов, бухгалтер-стажёр, по вертикали, 18556
Михаил Кузнецов, бухгалтер, по вертикали, 19567
Михаил Кузнецов, бухгалтер-стажёр, по вертикали, 38450
Михаил Кузнецов, помощник бухгалтера, по вертикали, 52097
Михаил Кузнецов, бухгалтер, по вертикали, 62695
Михаил Кузнецов, главный бухгалтер, по вертикали, 63473
Михаил Кузнецов, главный бухгалтер, по вертикали, 74552
Михаил Кузнецов, ведущий бухгалтер, по вертикали, 80620
Михаил Кузнецов, помощник бухгалтера, по вертикали, 83380
Михаил Кузнецов, ведущий бухгалтер, по вертикали, 83812
Михаил Кузнецов, ведущий бухгалтер, по вертикали, 88291
Михаил Кузнецов, помощник бухгалтера, по вертикали, 94305
Михаил Кузнецов, старший бухгалтер, по вертикали, 96734
Михаил Петров, помощник бухгалтера, по вертикали, 14660
Михаил Петров, главный бухгалтер, по вертикали, 29681
Михаил Петров, помощник бухгалтера, по вертикали, 31298
Михаил Петров, бухгалтер, по вертикали, 34007
Михаил Петров, бухгалтер-стажёр, по вертикали, 37978
Михаил Петров, главный бухгалтер, по вертикали, 61533
Михаил Петров, ведущий бухгалтер, по вертикали, 84734
Михаил Петров, главный бухгалтер, по вертикали, 86224
Михаил Петров, ведущий бухгалтер, по вертикали, 87517
Михаил Петров, бухгалтер, по вертикали, 87723
Михаил Петров, главный бухгалтер, по вертикали, 90150
Михаил Сидоров, старший бухгалтер, по вертикали, 13906
Михаил Сидоров, помощник бухгалтера, по вертикали, 20109
Михаил Сидоров, главный бухгалтер, по вертикали, 30640
Михаил Сидоров, старший бухгалтер, по вертикали, 60476
Михаил Сидоров, бухгалтер-стажёр, по вертикали, 80663
Михаил Смирнов, помощник бухгалтера, по вертикали, 13740
Михаил Смирнов, бухгалтер, по вертикали, 17066
Михаил Смирнов, старший бухгалтер, по вертикали, 20429
Михаил Смирнов, ведущий бухгалтер, по вертикали, 26153
Михаил Смирнов, бухгалтер, по вертикали, 76477
Михаил Смирнов, ведущий бухгалтер, по вертикали, 79216
Михаил Смирнов, помощник бухгалтера, по вертикали, 85477
Михаил Смирнов, бухгалтер-стажёр, по вертикали, 95654
Пётр Волков, бухгалтер, по вертикали, 34389
Пётр Волков, помощник бухгалтера, по вертикали, 39464
Пётр Волков, бухгалтер-стажёр, по вертикали, 40955
Пётр Волков, помощник бухгалтера, по вертикали, 44111
Пётр Волков, бухгалтер, по вертикали, 46096
Пётр Волков, бухгалтер-стажёр, по вертикали, 49823
Пётр Волков, бухгалтер, по вертикали, 50910
Пётр Волков, бухгалтер-стажёр, по вертикали, 69210
Пётр Иванов, ведущий бухгалтер, по вертикали, 39650
Пётр Иванов, ведущий бухгалтер, по вертикали, 55034
Пётр Иванов, бухгалтер-стажёр, по вертикали, 57018
Пётр Иванов, главный бухгалтер, по вертикали, 73807
Пётр Кузнецов, ведущий бухгалтер, по вертикали, 15242
Пётр Кузнецов, главный бухгалтер, по вертикали, 21146
Пётр Кузнецов, старший бухгалтер, по вертикали, 41739
Пётр Кузнецов, бухгалтер, по вертикали, 43751
Пётр Кузнецов, бухгалтер-стажёр, по вертикали, 45461
Пётр Кузнецов, старший бухгалтер, по вертикали, 52433
Пётр Кузнецов, бухгалтер, по вертикали, 52898
Пётр Кузнецов, ведущий бухгалтер, по вертикали, 68087
Пётр Кузнецов, помощник бухгалтера, по вертикали, 71337
Пётр Петров, помощник бухгалтера, по вертикали, 12181
Пётр Петров, помощник бухгалтера, по вертикали, 25210
Пётр Петров, помощник бухгалтера, по вертикали, 42027
Пётр Петров, бухгалтер-стажёр, по вертикали, 46583
Пётр Петров, ведущий бухгалтер, по вертикали, 57299
Пётр Петров, бухгалтер-стажёр, по вертикали, 60458
Пётр Петров, главный бухгалтер, по вертикали, 60671
Пётр Петров, главный бухгалтер, по вертикали, 85194
Пётр Петров, ведущий бухгалтер, по вертикали, 88051
Пётр Сидоров, ведущий бухгалтер, по вертикали, 29193
Пётр Сидоров, бухгалтер, по вертикали, 49636
Пётр Сидоров, ведущий бухгалтер, по вертикали, 55573
Пётр Сидоров, старший бухгалтер, по вертикали, 60066
Пётр Сидоров, ведущий бухгалтер, по вертикали, 64596
Пётр Сидоров, помощник бухгалтера, по вертикали, 75190
Пётр Сидоров, бухгалтер-стажёр, по вертикали, 75490
Пётр Сидоров, помощник бухгалтера, по вертикали, 80908
Пётр Сидоров, ведущий бухгалтер, по вертикали, 86228
Пётр Сидоров, помощник бухгалтера, по вертикали, 88723
Пётр Сидоров, ведущий бухгалтер, по вертикали, 96193
Пётр Сидоров, помощник бухгалтера, по вертикали, 97395
Пётр Смирнов, ведущий бухгалтер, по вертикали, 23530
Пётр Смирнов, главный бухгалтер, по вертикали, 24908
Пётр Смирнов, бухгалтер-стажёр, по вертикали, 37736
Пётр Смирнов, старший бухгалтер, по вертикали, 38735
Пётр Смирнов, помощник бухгалтера, по вертикали, 44088
Пётр Смирнов, ведущий бухгалтер, по вертикали, 93815
Сергей Волков, главный бухгалтер, по вертикали, 11912
Сергей Волков, ведущий бухгалтер, по вертикали, 16639
Сергей Волков, бухгалтер-стажёр, по вертикали, 34085
Сергей Волков, помощник бухгалтера, по вертикали, 49515
Сергей Волков, старший бухгалтер, по вертикали, 52936
Сергей Волков, ведущий бухгалтер, по вертикали, 56877
Сергей Волков, бухгалтер, по вертикали, 75457
Сергей Волков, главный бухгалтер, по вертикали, 80627
Сергей Волков, бухгалтер, по вертикали, 82990
Сергей Волков, главный бухгалтер, по вертикали, 91178
Сергей Иванов, бухгалтер, по вертикали, 28588
Сергей Иванов, бухгалтер, по вертикали, 30581
Сергей Иванов, помощник бухгалтера, по вертикали, 32878
Сергей Иванов, помощник бухгалтера, по вертикали, 49346
Сергей Иванов, помощник бухгалтера, по вертикали, 83256
Сергей Иванов, бухгалтер, по вертикали, 84755
Сергей Кузнецов, помощник бухгалтера, по вертикали, 11681
Сергей Кузнецов, ведущий бухгалтер, по вертикали, 26729
Сергей Кузнецов, помощник бухгалтера, по вертикали, 46944
Сергей Кузнецов, главный бухгалтер, по вертикали, 51287
Сергей Кузнецов, старший бухгалтер, по вертикали, 59576
Сергей Кузнецов, помощник бухгалтера, по вертикали, 68427
Сергей Кузнецов, бухгалтер-стажёр, по вертикали, 73496
Сергей Кузнецов, бухгалтер-стажёр, по вертикали, 79697
Сергей Кузнецов, ведущий бухгалтер, по вертикали, 84991
Сергей Кузнецов, бухгалтер-стажёр, по вертикали, 86900
Сергей Кузнецов, главный бухгалтер, по вертикали, 97876
Сергей Кузнецов, помощник бухгалтера, по вертикали, 98156
Сергей Петров, ведущий бухгалтер, по вертикали, 31220
Сергей Петров, бухгалтер-стажёр, по вертикали, 31751
Сергей Петров, ведущий бухгалтер, по вертикали, 33036
Сергей Петров, бухгалтер-стажёр, по вертикали, 42732
Сергей Петров, бухгалтер, по вертикали, 44927
Сергей Петров, бухгалтер-стажёр, по вертикали, 52300
Сергей Петров, бухгалтер-стажёр, по вертикали, 53148
Сергей Петров, главный бухгалтер, по вертикали, 56852
Сергей Петров, бухгалтер-стажёр, по вертикали, 61797
Сергей Петров, бухгалтер, по вертикали, 67515
Сергей Петров, помощник бухгалтера, по вертикали, 80062
Сергей Петров, старший бухгалтер, по вертикали, 86386
Сергей Петров, бухгалтер-стажёр, по вертикали, 93407
Сергей Петров, бухгалтер-стажёр, по вертикали, 95655
Сергей Петров, главный бухгалтер, по вертикали, 97164
Сергей Петров, ведущий бухгалтер, по вертикали, 97200
Сергей Сидоров, помощник бухгалтера, по вертикали, 10810
Сергей Сидоров, бухгалтер-стажёр, по вертикали, 20701
Сергей Сидоров, старший бухгалтер, по вертикали, 34328
Сергей Сидоров, главный бухгалтер, по вертикали, 42057
Сергей Сидоров, бухгалтер, по вертикали, 49205
Сергей Сидоров, ведущий бухгалтер, по вертикали, 51010
Сергей Сидоров, помощник бухгалтера, по вертикали, 54343
Сергей Сидоров, ведущий бухгалтер, по вертикали, 61211
Сергей Сидоров, помощник бухгалтера, по вертикали, 66428
Сергей Сидоров, бухгалтер-стажёр, по вертикали, 69535
Сергей Сидоров, ведущий бухгалтер, по вертикали, 76753
Сергей Сидоров, помощник бухгалтера, по вертикали, 85059
Сергей Сидоров, ведущий бухгалтер, по вертикали, 96537
Сергей Смирнов, бухгалтер-стажёр, по вертикали, 11686
Сергей Смирнов, бухгалтер-стажёр, по вертикали, 16281
Сергей Смирнов, бухгалтер-стажёр, по вертикали, 16901
Сергей Смирнов, старший бухгалтер, по вертикали, 21416
Сергей Смирнов, бухгалтер, по вертикали, 35240
Сергей Смирнов, главный бухгалтер, по вертикали, 45249
Сергей Смирнов, главный бухгалтер, по вертикали, 74024
Сергей Смирнов, главный бухгалтер, по вертикали, 92296
