Имя,Должность,Подразделение,Зарплата
Алексей Петров,старший бухгалтер,по вертикали,40234
Сергей Иванов,бухгалтер,комбинированная,65631
Сергей Иванов,ведущий бухгалтер,линейная,58828
Александр Сидоров,старший бухгалтер,комбинированная,17908
Михаил Кузнецов,бухгалтер-стажёр,по вертикали,70291
Александр Смирнов,главный бухгалтер,линейная,95537
Алексей Смирнов,помощник бухгалтера,по вертикали,42989
Михаил Кузнецов,бухгалтер,линейная,62196
Пётр Смирнов,бухгалтер-стажёр,комбинированная,83854
Иван Сидоров,бухгалтер-стажёр,линейная,65803
Михаил Иванов,ведущий бухгалтер,по вертикали,40802
Пётр Иванов,бухгалтер,по вертикали,33448
Александр Смирнов,ведущий бухгалтер,комбинированная,33110
Иван Кузнецов,старший бухгалтер,линейная,11870
Михаил Петров,ведущий бухгалтер,по вертикали,33011
Пётр Смирнов,бухгалтер,по вертикали,70856
Пётр Петров,ведущий бухгалтер,линейная,46078
Михаил Сидоров,старший бухгалтер,по вертикали,37598
Иван Иванов,бухгалтер,линейная,41765
Пётр Иванов,бухгалтер-стажёр,линейная,78893
Михаил Смирнов,бухгалтер-стажёр,комбинированная,19133
Алексей Сидоров,старший бухгалтер,по вертикали,88997
Сергей Смирнов,помощник бухгалтера,по вертикали,71050
Сергей Петров,бухгалтер,линейная,48359
Иван Сидоров,главный бухгалтер,линейная,91246
Алексей Смирнов,главный бухгалтер,линейная,81632
Сергей Смирнов,помощник бухгалтера,по вертикали,37196
Александр Смирнов,старший бухгалтер,комбинированная,81348
Михаил Смирнов,бухгалтер-стажёр,по вертикали,52680
Иван Иванов,бухгалтер-стажёр,по вертикали,68732
Иван Смирнов,ведущий бухгалтер,комбинированная,61952
Иван Смирнов,бухгалтер-стажёр,комбинированная,31056
Сергей Кузнецов,помощник бухгалтера,по вертикали,57919
Сергей Иванов,ведущий бухгалтер,комбинированная,25926
Иван Волков,помощник бухгалтера,комбинированная,38761
Сергей Сидоров,старший бухгалтер,по вертикали,94046
Михаил Кузнецов,главный бухгалтер,линейная,88057
Сергей Иванов,старший бухгалтер,по вертикали,20899
Александр Иванов,ведущий бухгалтер,линейная,35324
Иван Петров,помощник бухгалтера,комбинированная,32223
Александр Сидоров,старший бухгалтер,комбинированная,26002
Сергей Волков,главный бухгалтер,по вертикали,71613
Михаил Сидоров,старший бухгалтер,линейная,82478
Иван Волков,старший бухгалтер,комбинированная,37694
Пётр Иванов,бухгалтер-стажёр,линейная,79443
Пётр Кузнецов,помощник бухгалтера,линейная,71973
Алексей Волков,бухгалтер,по вертикали,91548
Александр Сидоров,старший бухгалтер,по вертикали,19819
Сергей Сидоров,бухгалтер,комбинированная,28714
Алексей Иванов,бухгалтер,по вертикали,86907
Михаил Петров,ведущий бухгалтер,комбинированная,36565
Сергей Сидоров,старший бухгалтер,линейная,75124
Михаил Волков,старший бухгалтер,линейная,69164
Алексей Иванов,старший бухгалтер,линейная,26041
Михаил Смирнов,бухгалтер,линейная,65418
Алексей Волков,бухгалтер,линейная,16453
Иван Иванов,бухгалтер,по вертикали,67520
Михаил Сидоров,бухгалтер,комбинированная,51760
Алексей Иванов,помощник бухгалтера,линейная,55845
Иван Петров,бухгалтер-стажёр,линейная,65828
Сергей Петров,главный бухгалтер,линейная,24441
Алексей Иванов,старший бухгалтер,линейная,79126
Сергей Сидоров,главный бухгалтер,комбинированная,20819
Пётр Волков,бухгалтер,линейная,95330
Михаил Кузнецов,бухгалтер-стажёр,линейная,95741
Сергей Петров,бухгалтер-стажёр,комбинированная,86499
Пётр Сидоров,бухгалтер,комбинированная,26340
Александр Волков,бухгалтер-стажёр,комбинированная,58420
Пётр Петров,старший бухгалтер,линейная,43211
Пётр Петров,главный бухгалтер,по вертикали,23651
Сергей Смирнов,ведущий бухгалтер,по вертикали,87837
Михаил Сидоров,старший бухгалтер,по вертикали,79416
Сергей Петров,бухгалтер-стажёр,комбинированная,12398
Алексей Волков,бухгалтер-стажёр,линейная,77827
Иван Сидоров,главный бухгалтер,линейная,99782
Сергей Петров,бухгалтер-стажёр,линейная,36162
Михаил Сидоров,старший бухгалтер,линейная,97429
Иван Иванов,старший бухгалтер,линейная,80302
Михаил Кузнецов,бухгалтер,по вертикали,41386
Михаил Сидоров,ведущий бухгалтер,комбинированная,86841
Александр Смирнов,ведущий бухгалтер,комбинированная,44411
Сергей Сидоров,старший бухгалтер,линейная,92529
Пётр Иванов,ведущий бухгалтер,комбинированная,97422
Иван Иванов,бухгалтер,линейная,55499
Сергей Сидоров,ведущий бухгалтер,по вертикали,42614
Иван Петров,бухгалтер,комбинированная,31121
Михаил Волков,главный бухгалтер,комбинированная,37346
Михаил Кузнецов,бухгалтер-стажёр,линейная,85292
Александр Кузнецов,помощник бухгалтера,по вертикали,34141
Пётр Кузнецов,главный бухгалтер,комбинированная,22464
Пётр Сидоров,помощник бухгалтера,комбинированная,11390
Пётр Сидоров,ведущий бухгалтер,комбинированная,23795
Александр Иванов,помощник бухгалтера,по вертикали,88867
Пётр Сидоров,бухгалтер,по вертикали,94661
Иван Иванов,бухгалтер,по вертикали,42265
Пётр Кузнецов,ведущий бухгалтер,по вертикали,60541
Алексей Кузнецов,бухгалтер-стажёр,линейная,70113
Михаил Смирнов,бухгалтер-стажёр,по вертикали,74189
Александр Смирнов,главный бухгалтер,комбинированная,57529
Пётр Волков,ведущий бухгалтер,линейная,54073
