ФИО;Должность;Подразделение;Зарплата
Никонов Святослав Никитич;ведущий бухгалтер;линейная;21484
 Кузнецов Михаил Максимович;бухгалтер;комбинированная;32319
 Степанова Таисия Артёмовна;помощник бухгалтера;по вертикали;43135
 Смирнов Никита Максимович;бухгалтер-стажер;комбинированная;60730
 Полякова Ева Егоровна;помощник бухгалтера;линейная;36276
 Ефремов Всеволод Степанович;ведущий бухгалтер;комбинированная;20699
 Матвеев Никита Викторович;ведущий бухгалтер;комбинированная;90487
 Васильев Глеб Ильич;бухгалтер;по вертикали;78487
 Лукина Ксения Адамовна;главный бухгалтер;по вертикали;49173
 Ефремова Ника Фёдоровна;помощник бухгалтера;по вертикали;89476
 Егорова Полина Ярославовна;бухгалтер-стажер;по вертикали;21796
 Степанов Василий Сергеевич;бухгалтер;комбинированная;49842
 Софронова Алиса Максимовна;главный бухгалтер;по вертикали;50341
 Харитонов Тимофей Робертович;главный бухгалтер;по вертикали;69646
 Самсонов Семён Матвеевич;главный бухгалтер;линейная;60430
 Лазарев Дмитрий Артёмович;бухгалтер-стажер;комбинированная;35854
 Иванова Эмилия Владиславовна;помощник бухгалтера;линейная;60020
 Морозова Таисия Тимуровна;бухгалтер-стажер;по вертикали;45230
 Михайлов Матвей Владимирович;бухгалтер;комбинированная;41344
 Зимин Андрей Романович;бухгалтер-стажер;по вертикали;33629
 Алексеев Филипп Никитич;помощник бухгалтера;по вертикали;79776
 Долгова Юлия Ивановна;бухгалтер-стажер;линейная;18953
 Носов Никита Никитич;бухгалтер-стажер;линейная;73231
 Титов Семён Ильич;главный бухгалтер;комбинированная;82927
 Соболева Мирослава Владимировна;ведущий бухгалтер;линейная;41456
 Иванов Семён Александрович;помощник бухгалтера;комбинированная;90241
 Морозова Мария Александровна;старший бухгалтер;комбинированная;53238
 Ефимова Анастасия Тихоновна;главный бухгалтер;линейная;10491
 Дубинин Максим Александрович;главный бухгалтер;линейная;55704
 Фокина Мария Михайловна;главный бухгалтер;комбинированная;42961
 Лебедев Никита Макарович;помощник бухгалтера;комбинированная;21056
 Поликарпова Анастасия Александровна;ведущий бухгалтер;по вертикали;82675
 Сорокина Ксения Александровна;ведущий бухгалтер;комбинированная;88176
 Майорова Мирослава Романовна;бухгалтер-стажер;по вертикали;45262
 Прохоров Евгений Семёнович;помощник бухгалтера;по вертикали;15733
 Коновалова Василиса Романовна;главный бухгалтер;комбинированная;74950
 Горлова Елизавета Елисеевна;бухгалтер;линейная;79458
 Плотникова Юлия Артёмовна;помощник бухгалтера;линейная;67353
 Румянцева Алина Ярославовна;старший бухгалтер;линейная;14462
 Бобров Даниил Никитич;старший бухгалтер;по вертикали;27766
 Николаев Владислав Ибрагимович;старший бухгалтер;комбинированная;29406
 Баженова Ксения Данииловна;ведущий бухгалтер;комбинированная;68186
 Комарова Евдокия Арсентьевна;бухгалтер-стажер;комбинированная;86663
 Щербаков Марк Викторович;бухгалтер;по вертикали;56267
 Филатова Екатерина Ярославовна;старший бухгалтер;комбинированная;89540
 Максимов Александр Русланович;помощник бухгалтера;по вертикали;48292
 Копылов Александр Владиславович;ведущий бухгалтер;комбинированная;18944
 Гаврилова Валерия Владимировна;старший бухгалтер;по вертикали;22136
 Шестакова Анна Алексеевна;помощник бухгалтера;линейная;75424
 Давыдов Андрей Максимович;помощник бухгалтера;комбинированная;81290
 Козловский Макар Адамович;ведущий бухгалтер;линейная;17296
 Дорохов Пётр Владиславович;главный бухгалтер;по вертикали;34025
 Фадеев Владимир Львович;ведущий бухгалтер;линейная;98184
 Волков Артём Фёдорович;старший бухгалтер;комбинированная;83285
 Сазонов Лев Тимурович;помощник бухгалтера;линейная;13031
 Любимов Матвей Михайлович;старший бухгалтер;по вертикали;77587
 Кочетков Михаил Романович;главный бухгалтер;по вертикали;35861
 Плотникова Виктория Алексеевна;помощник бухгалтера;комбинированная;95078
 Савин Филипп Львович;бухгалтер-стажер;комбинированная;39816
 Лаврентьева Полина Михайловна;ведущий бухгалтер;комбинированная;36346
 Никитин Павел Николаевич;ведущий бухгалтер;линейная;90422
 Прохоров Никита Викторович;ведущий бухгалтер;комбинированная;48459
 Осипова Анна Захаровна;ведущий бухгалтер;по вертикали;12603
 Сергеев Владимир Саввич;главный бухгалтер;линейная;35140
 Максимов Максим Тимурович;главный бухгалтер;комбинированная;52856
 Виноградова Валерия Алексеевна;старший бухгалтер;по вертикали;45965
 Ковалев Мирон Матвеевич;ведущий бухгалтер;комбинированная;37155
 Белова Анна Викторовна;бухгалтер;комбинированная;49316
 Попов Константин Артёмович;главный бухгалтер;комбинированная;51853
 Смирнова Алиса Андреевна;главный бухгалтер;по вертикали;19640
 Чистякова Ева Данииловна;старший бухгалтер;комбинированная;49733
 Кондратьева Агата Матвеевна;старший бухгалтер;по вертикали;36839
 Попов Тимофей Николаевич;ведущий бухгалтер;комбинированная;11266
 Воробьева Виктория Андреевна;помощник бухгалтера;комбинированная;79651
 Ершов Дмитрий Матвеевич;главный бухгалтер;комбинированная;97762
 Синицына Елизавета Матвеевна;главный бухгалтер;комбинированная;20117
 Медведев Тимур Львович;бухгалтер-стажер;линейная;28431
 Суслова Валерия Алексеевна;главный бухгалтер;комбинированная;29187
 Черкасов Егор Ильич;старший бухгалтер;по вертикали;64199
 Леонова Полина Фёдоровна;главный бухгалтер;комбинированная;24658
 Семенова Виктория Елисеевна;бухгалтер-стажер;линейная;95307
 Леонтьева Виктория Германовна;бухгалтер-стажер;по вертикали;16210
 Ермолов Тимофей Андреевич;бухгалтер-стажер;линейная;48825
 Фролов Андрей Миронович;помощник бухгалтера;комбинированная;99836
 Макаров Илья Миронович;бухгалтер;комбинированная;30054
 Иванов Максим Максимович;бухгалтер;комбинированная;35113
 Васильева Малика Макаровна;старший бухгалтер;по вертикали;10307
 Кузнецов Захар Миронович;бухгалтер;комбинированная;59137
 Гончаров Михаил Львович;главный бухгалтер;по вертикали;22007
 Грачева Ксения Артёмовна;помощник бухгалтера;комбинированная;82938
 Крюкова Василиса Мироновна;бухгалтер;линейная;37336
 Быков Вячеслав Михайлович;ведущий бухгалтер;комбинированная;93187
 Комаров Даниэль Ярославович;бухгалтер-стажер;по вертикали;24376
 Артамонова Алина Демидовна;старший бухгалтер;линейная;28833
 Ткачева Александра Львовна;помощник бухгалтера;комбинированная;67802
 Афанасьева Софья Романовна;помощник бухгалтера;по вертикали;99732
 Кузнецов Константин Родионович;главный бухгалтер;по вертикали;29293
 Терехова Карина Павловна;помощник бухгалтера;комбинированная;61923
 Мещерякова Александра Ярославовна;старший бухгалтер;по вертикали;10048
 Бабушкин Сергей Ильич;бухгалтер-стажер;линейная;29892
