Александр Волков, бухгалтер-стажёр, комбинированная, 58420
Александр Сидоров, старший бухгалтер, комбинированная, 17908
Александр Сидоров, старший бухгалтер, комбинированная, 26002
Александр Смирнов, ведущий бухгалтер, комбинированная, 33110
Александр Смирнов, ведущий бухгалтер, комбинированная, 44411
Александр Смирнов, главный бухгалтер, комбинированная, 57529
Александр Смирнов, старший бухгалтер, комбинированная, 81348
Иван Волков, старший бухгалтер, комбинированная, 37694
Иван Волков, помощник бухгалтера, комбинированная, 38761
Иван Петров, бухгалтер, комбинированная, 31121
Иван Петров, помощник бухгалтера, комбинированная, 32223
Иван Смирнов, бухгалтер-стажёр, комбинированная, 31056
Иван Смирнов, ведущий бухгалтер, комбинированная, 61952
Михаил Волков, главный бухгалтер, комбинированная, 37346
Михаил Петров, ведущий бухгалтер, комбинированная, 36565
Михаил Сидоров, бухгалтер, комбинированная, 51760
Михаил Сидоров, ведущий бухгалтер, комбинированная, 86841
Михаил Смирнов, бухгалтер-стажёр, комбинированная, 19133
Пётр Иванов, ведущий бухгалтер, комбинированная, 97422
Пётр Кузнецов, главный бухгалтер, комбинированная, 22464
Пётр Сидоров, помощник бухгалтера, комбинированная, 11390
Пётр Сидоров, ведущий бухгалтер, комбинированная, 23795
Пётр Сидоров, бухгалтер, комбинированная, 26340
Пётр Смирнов, бухгалтер-стажёр, комбинированная, 83854
Сергей Иванов, ведущий бухгалтер, комбинированная, 25926
Сергей Иванов, бухгалтер, комбинированная, 65631
Сергей Петров, бухгалтер-стажёр, комбинированная, 12398
Сергей Петров, бухгалтер-стажёр, комбинированная, 86499
Сергей Сидоров, главный бухгалтер, комбинированная, 20819
Сергей Сидоров, бухгалтер, комбинированная, 28714
Александр Иванов, ведущий бухгалтер, линейная, 35324
Александр Смирнов, главный бухгалтер, линейная, 95537
Алексей Волков, бухгалтер, линейная, 16453
Алексей Волков, бухгалтер-стажёр, линейная, 77827
Алексей Иванов, старший бухгалтер, линейная, 26041
Алексей Иванов, помощник бухгалтера, линейная, 55845
Алексей Иванов, старший бухгалтер, линейная, 79126
Алексей Кузнецов, бухгалтер-стажёр, линейная, 70113
Алексей Смирнов, главный бухгалтер, линейная, 81632
Иван Иванов, бухгалтер, линейная, 41765
Иван Иванов, бухгалтер, линейная, 55499
Иван Иванов, старший бухгалтер, линейная, 80302
Иван Кузнецов, старший бухгалтер, линейная, 11870
Иван Петров, бухгалтер-стажёр, линейная, 65828
Иван Сидоров, бухгалтер-стажёр, линейная, 65803
Иван Сидоров, главный бухгалтер, линейная, 91246
Иван Сидоров, главный бухгалтер, линейная, 99782
Михаил Волков, старший бухгалтер, линейная, 69164
Михаил Кузнецов, бухгалтер, линейная, 62196
Михаил Кузнецов, бухгалтер-стажёр, линейная, 85292
Михаил Кузнецов, главный бухгалтер, линейная, 88057
Михаил Кузнецов, бухгалтер-стажёр, линейная, 95741
Михаил Сидоров, старший бухгалтер, линейная, 82478
Михаил Сидоров, старший бухгалтер, линейная, 97429
Михаил Смирнов, бухгалтер, линейная, 65418
Пётр Волков, ведущий бухгалтер, линейная, 54073
Пётр Волков, бухгалтер, линейная, 95330
Пётр Иванов, бухгалтер-стажёр, линейная, 78893
Пётр Иванов, бухгалтер-стажёр, линейная, 79443
Пётр Кузнецов, помощник бухгалтера, линейная, 71973
Пётр Петров, старший бухгалтер, линейная, 43211
Пётр Петров, ведущий бухгалтер, линейная, 46078
Сергей Иванов, ведущий бухгалтер, линейная, 58828
Сергей Петров, главный бухгалтер, линейная, 24441
Сергей Петров, бухгалтер-стажёр, линейная, 36162
Сергей Петров, бухгалтер, линейная, 48359
Сергей Сидоров, старший бухгалтер, линейная, 75124
Сергей Сидоров, старший бухгалтер, линейная, 92529
Александр Иванов, помощник бухгалтера, по вертикали, 88867
Александр Кузнецов, помощник бухгалтера, по вертикали, 34141
Александр Сидоров, старший бухгалтер, по вертикали, 19819
Алексей Волков, бухгалтер, по вертикали, 91548
Алексей Иванов, бухгалтер, по вертикали, 86907
Алексей Петров, старший бухгалтер, по вертикали, 40234
Алексей Сидоров, старший бухгалтер, по вертикали, 88997
Алексей Смирнов, помощник бухгалтера, по вертикали, 42989
Иван Иванов, бухгалтер, по вертикали, 42265
Иван Иванов, бухгалтер, по вертикали, 67520
Иван Иванов, бухгалтер-стажёр, по вертикали, 68732
Михаил Иванов, ведущий бухгалтер, по вертикали, 40802
Михаил Кузнецов, бухгалтер, по вертикали, 41386
Михаил Кузнецов, бухгалтер-стажёр, по вертикали, 70291
Михаил Петров, ведущий бухгалтер, по вертикали, 33011
Михаил Сидоров, старший бухгалтер, по вертикали, 37598
Михаил Сидоров, старший бухгалтер, по вертикали, 79416
Михаил Смирнов, бухгалтер-стажёр, по вертикали, 52680
Михаил Смирнов, бухгалтер-стажёр, по вертикали, 74189
Пётр Иванов, бухгалтер, по вертикали, 33448
Пётр Кузнецов, ведущий бухгалтер, по вертикали, 60541
Пётр Петров, главный бухгалтер, по вертикали, 23651
Пётр Сидоров, бухгалтер, по вертикали, 94661
Пётр Смирнов, бухгалтер, по вертикали, 70856
Сергей Волков, главный бухгалтер, по вертикали, 71613
Сергей Иванов, старший бухгалтер, по вертикали, 20899
Сергей Кузнецов, помощник бухгалтера, по вертикали, 57919
Сергей Сидоров, ведущий бухгалтер, по вертикали, 42614
Сергей Сидоров, старший бухгалтер, по вертикали, 94046
Сергей Смирнов, помощник бухгалтера, по вертикали, 37196
Сергей Смирнов, помощник бухгалтера, по вертикали, 71050
Сергей Смирнов, ведущий бухгалтер, по вертикали, 87837
